"","DATE","unemp_rate","prix_VA","deflat_prix_conso","capacite_prod","deflat_import","SMPT","log_unemp_rate","log_capacite_prod","taux_prix_VA","taux_deflat_prix_conso","taux_deflat_import","taux_SMPT"
"1","1970-01-01",4.15798711345717,0.264,20.569,83.3073,19.428,7643.9896789634,1.42503109021437,4.42253618038709,NA,NA,NA,NA
"2","1970-04-01",4.76917414867632,0.268,20.797,82.0769,19.653,7715.17697809378,1.56217315546134,4.40765661267804,NA,NA,NA,NA
"3","1970-07-01",5.33025848730362,0.269,20.999,81.0276,20.135,7829.49646369298,1.67339973368168,4.39478983737424,NA,NA,NA,NA
"4","1970-10-01",5.89676202758087,0.272,21.271,78.5478,20.34,7883.27145974438,1.77440339137636,4.36370735667096,NA,NA,NA,NA
"5","1971-01-01",5.97924189966014,0.275,21.472,79.3934,20.854,8053.08847608831,1.78829378729413,4.37441524137245,4.16666666666667,4.39010160921776,7.33992176240477,5.35190148478037
"6","1971-04-01",5.9856359403253,0.278,21.716,79.5027,20.927,8154.77879711713,1.78936258905865,4.37579098334773,3.73134328358209,4.41890657306343,6.48247086958735,5.69788379801965
"7","1971-07-01",6.14264803764738,0.28,21.929,79.1457,21.181,8242.4335750483,1.81525592567588,4.37129045762446,4.08921933085502,4.42878232296775,5.19493419418922,5.27412092553075
"8","1971-10-01",6.04669276415828,0.281,22.064,80.3729,21.492,8327.1922745109,1.79951147202251,4.38667705468924,3.30882352941178,3.7280804851676,5.66371681415929,5.63117503987243
"9","1972-01-01",5.85195262130516,0.284,22.296,83.1917,21.85,8509.78062953773,1.76677538697082,4.42114758323546,3.27272727272725,3.8375558867362,4.77606214635082,5.67101870053281
"10","1972-04-01",5.75380065056364,0.285,22.425,84.1495,22.415,8580.822999333,1.74986061916312,4.43259497884852,2.51798561151078,3.2648738257506,7.1104314999761,5.22447282526517
"11","1972-07-01",5.70693552804592,0.288,22.622,84.5425,22.782,8675.61252329885,1.74168219449513,4.43725436650174,2.85714285714285,3.16019882347578,7.55866106416128,5.25547393626418
"12","1972-10-01",5.36997859880282,0.291,22.807,86.7229,23.301,8856.27903874797,1.68082392318747,4.46271797809161,3.55871886120995,3.36747643219724,8.41708542713566,6.35372340154292
"13","1973-01-01",5.02798233441389,0.295,23.084,88.3711,24.007,8994.81385604282,1.61501877727988,4.48154499311568,3.87323943661972,3.53426623609616,9.87185354691076,5.69971480606124
"14","1973-04-01",4.99529703981972,0.3,23.529,88.2214,25.909,9133.28405582852,1.60849687776377,4.47984956396824,5.26315789473684,4.92307692307692,15.5877760428285,6.43832248420071
"15","1973-07-01",4.91486301747149,0.306,23.958,88.0567,27.143,9286.47933712833,1.59226388290993,4.47798092517618,6.25,5.90575545928742,19.1423053287683,7.04119521461994
"16","1973-10-01",4.83325587233734,0.313,24.45,88.5098,29.167,9445.31551049418,1.57552033421703,4.48311328034655,7.56013745704469,7.20392861840664,25.1748851980602,6.65106044162633
"17","1974-01-01",5.14156936084314,0.319,25.178,86.9336,33.755,9565.49328787556,1.63735835598669,4.46514460886435,8.13559322033899,9.07121815976435,40.6048235931187,6.34453854149908
"18","1974-04-01",5.25479622741175,0.326,25.891,86.3134,37.598,9747.55768781709,1.65914122668111,4.45798485834179,8.66666666666667,10.0386756768243,45.1155968968312,6.7256599951752
"19","1974-07-01",5.72668553828005,0.337,26.589,85.396,39.517,9960.75297309901,1.7451369232749,4.44729926129008,10.1307189542484,10.9817180065114,45.5881811148362,7.2608101681211
"20","1974-10-01",6.67818002254614,0.348,27.262,81.5166,40.792,10136.8041373371,1.89884549871219,4.40080668048826,11.1821086261981,11.5010224948875,39.8566873521445,7.32096906741369
"21","1975-01-01",8.38201556766228,0.357,27.771,75.7094,41.468,10290.9568177979,2.12608840677415,4.32690232710693,11.9122257053291,10.2986734450711,22.8499481558288,7.58417269333993
"22","1975-04-01",8.91696450677509,0.361,28.109,74.3632,41.595,10457.5292349905,2.18795558674503,4.3089611958165,10.7361963190184,8.56668340349931,10.6308846215224,7.28358394904178
"23","1975-07-01",8.58801817696069,0.368,28.634,75.8213,40.672,10659.1751712084,2.15036799656771,4.328379255813,9.19881305637982,7.69115047576066,2.92279272211957,7.01174097977983
"24","1975-10-01",8.38547402876994,0.373,29.115,77.0566,40.722,10878.4695723755,2.12650092662536,4.34454021676084,7.18390804597702,6.79700682268358,-0.171602274955873,7.31656077191631
"25","1976-01-01",7.85053825231159,0.375,29.437,78.9466,41.36,11057.609564787,2.06058209661715,4.36877167454316,5.04201680672269,5.99906377156025,-0.260441786437748,7.44977129496049
"26","1976-04-01",7.59943269874796,0.378,29.685,79.4555,41.977,11211.6396335826,2.02807359960463,4.37519711651498,4.70914127423823,5.60674517058593,0.918379612934239,7.21117179447028
"27","1976-07-01",7.79994293663372,0.382,30.137,79.9681,42.725,11396.3444466282,2.0541164178526,4.38162780515196,3.80434782608696,5.24900467975133,5.0476986624705,6.91581912839663
"28","1976-10-01",7.8749012600538,0.389,30.614,80.8502,43.169,11595.160412138,2.06368064622722,4.39259805973682,4.28954423592494,5.148548857977,6.00903688423946,6.58815870186835
"29","1977-01-01",7.61288418906824,0.394,31.165,81.8973,44.703,11725.59643558,2.02984209994884,4.40546602328263,5.06666666666666,5.87016339980295,8.08268858800774,6.04096994815468
"30","1977-04-01",7.16021108082725,0.398,31.698,83.8213,45.953,11947.5282577628,1.96853946110048,4.42868715180161,5.2910052910053,6.7812026275897,9.47185363413299,6.56361289008867
"31","1977-07-01",6.97155581508878,0.401,32.174,84.0605,46.568,12117.1659831383,1.94183841580159,4.43153677769157,4.9738219895288,6.75913329130304,8.99473376243416,6.32502413283405
"32","1977-10-01",6.70074044915778,0.411,32.631,83.881,47.043,12340.4706339175,1.90221803509028,4.42939912775569,5.65552699228791,6.58848892663486,8.9740322916908,6.42776982196172
"33","1978-01-01",6.38705604749226,0.417,33.165,82.9338,47.823,12515.7253668599,1.85427344978633,4.41804269919073,5.83756345177664,6.41745547890262,6.97939735588216,6.7384967205786
"34","1978-04-01",6.02890621754051,0.424,33.846,85.5431,48.975,12780.6533369797,1.79656560415996,4.44902034249749,6.53266331658291,6.77645277304562,6.57628446456162,6.97320032430639
"35","1978-07-01",6.09943058535778,0.431,34.441,85.5629,49.784,13015.1882519786,1.80819542015954,4.44925177798296,7.48129675810474,7.04606203767018,6.90602989177118,7.41115760970792
"36","1978-10-01",5.97679318792929,0.439,35.092,86.3625,50.651,13294.1460580036,1.78788416792664,4.45855355381491,6.81265206812653,7.54190800159358,7.66957889590376,7.7280312264993
"37","1979-01-01",5.91990645712792,0.446,35.755,86.0731,52.624,13562.0104585138,1.77832064761025,4.45519693520809,6.95443645083933,7.80943766018394,10.0391025238902,8.35976390489033
"38","1979-04-01",5.77938515363411,0.457,36.733,85.2105,55.364,13750.2803419057,1.7542973022223,4.44512466567853,7.78301886792454,8.52981149914318,13.0454313425217,7.58667792139021
"39","1979-07-01",5.96055183251864,0.466,37.646,84.3428,59.508,14060.3373159457,1.78516306613989,4.43488944672395,8.12064965197217,9.30576928660607,19.5323798810863,8.03022625360981
"40","1979-10-01",6.05586040413511,0.475,38.558,84.1179,63.48,14362.9060156187,1.80102646503313,4.43221938618622,8.2004555808656,9.87689501880771,25.328226491086,8.03932763301958
"41","1980-01-01",6.37344951146456,0.487,39.716,83.958,68.83,14674.2519537768,1.85214084757528,4.43031667380163,9.19282511210762,11.0781708851909,30.7958346001824,8.20115497378027
"42","1980-04-01",7.41427310002408,0.499,40.689,79.938,71.364,14967.1555440911,2.00340693976958,4.38125133420613,9.19037199124726,10.7696077096888,28.8996459793368,8.84982103584293
"43","1980-07-01",7.79854197909338,0.512,41.641,78.1572,73.376,15294.745180491,2.05393679046549,4.35872218314196,9.87124463519313,10.6120172129841,23.3044296565168,8.77936166684514
"44","1980-10-01",7.58490604987506,0.524,42.673,80.6554,74.63,15747.6192225733,2.02616022641858,4.39018575831241,10.3157894736842,10.6722340370351,17.5645872715816,9.64089861375426
"45","1981-01-01",7.52027661564064,0.536,43.781,80.29,76.485,16107.62105448,2.01760292128,4.38564508019659,10.0616016427105,10.2351697049048,11.1216039517652,9.76791938163681
"46","1981-04-01",7.51454642817002,0.547,44.515,79.9366,76.907,16382.9145215256,2.01684066585054,4.38123382047975,9.61923847695392,9.40303276069701,7.76722156829772,9.4591051269822
"47","1981-07-01",7.55374831425977,0.557,45.248,80.0732,74.883,16718.8204323431,2.0220439055276,4.38294121631656,8.7890625,8.66213587569944,2.05380505887482,9.31087922712539
"48","1981-10-01",8.44858892709331,0.568,45.94,77.7126,75.041,17011.5159848745,2.13399943654802,4.3530174063889,8.39694656488548,7.65589482811144,0.550716869891477,8.0259545550194
"49","1982-01-01",8.9790020031457,0.576,46.521,75.6351,74.836,17316.9073729019,2.19488874063094,4.32592046115251,7.46268656716416,6.25842260341245,-2.15597829639799,7.50754139504421
"50","1982-04-01",9.62906092539612,0.583,46.967,74.2906,73.535,17566.9401233517,2.2647857055199,4.30798442958823,6.58135283363801,5.50825564416488,-4.38451636392005,7.2271975799566
"51","1982-07-01",10.1022283258234,0.59,47.707,72.928,72.664,17866.1080998407,2.31275602583196,4.28947265306327,5.92459605026929,5.43449434229137,-2.96328939812773,6.86225246655661
"52","1982-10-01",10.918782694313,0.591,48.232,71.3698,72.106,18062.7101597214,2.39048448922321,4.26787481068117,4.0492957746479,4.98911623857206,-3.91119521328341,6.17930921489611
"53","1983-01-01",10.5657827882963,0.592,48.629,72.0691,70.583,18229.9688760548,2.35762074092115,4.27762538099935,2.77777777777779,4.53128694568043,-5.68309369822011,5.27265916188724
"54","1983-04-01",10.3085366867657,0.595,49.073,73.6179,70.582,18451.6018719172,2.33297235650712,4.29888820268666,2.05831903945111,4.48399940383675,-4.01577480111512,5.03594674060237
"55","1983-07-01",9.4786938302073,0.599,49.718,76.0642,70.719,18668.036480963,2.24904652515047,4.33157772053907,1.52542372881357,4.2153143144612,-2.67670373224707,4.48854544392614
"56","1983-10-01",8.73715086448623,0.603,50.048,77.904,70.277,18955.3850340136,2.16758414847674,4.35547729944035,2.03045685279188,3.76513517996351,-2.536543422184,4.94208713088258
"57","1984-01-01",7.98090765491542,0.61,50.592,79.9375,70.5,19165.101214285,2.07705214621115,4.38124507933906,3.04054054054055,4.03668592814987,-0.117592054744053,5.12964308709529
"58","1984-04-01",7.61676806886273,0.613,51.083,80.7835,70.896,19422.9040723309,2.03035214178209,4.39177273675298,3.02521008403362,4.09593870356408,0.444872630415705,5.26405353397539
"59","1984-07-01",7.54684809254426,0.617,51.478,80.8455,69.632,19641.7863342276,2.02113000490939,4.39253992584703,3.00500834724542,3.53996540488355,-1.53706924588864,5.216134295953
"60","1984-10-01",7.41282287404145,0.619,51.796,80.3294,68.767,19815.8300836235,2.00321132142466,4.38613568096823,2.65339966832505,3.49264705882353,-2.14864038020975,4.53931718119129
"61","1985-01-01",7.38000514422269,0.622,52.406,79.9932,67.1,20007.2519044447,1.99877433566128,4.38194163106118,1.9672131147541,3.58554712207464,-4.822695035461,4.39418858655454
"62","1985-04-01",7.39704071290076,0.625,52.831,79.4557,67.381,20187.4445270708,2.00108001656527,4.37519963364404,1.95758564437194,3.42188203511933,-4.95796659896186,3.93628291574086
"63","1985-07-01",7.2998616717208,0.626,53.245,78.7803,67.323,20414.2225916677,1.98785539889547,4.36666296560862,1.45867098865478,3.43253428649131,-3.31600413602943,3.93261714742377
"64","1985-10-01",7.17960762852769,0.629,53.618,78.7732,68.652,20695.3722674704,1.97124473372952,4.36657283749335,1.61550888529887,3.51764615028187,-0.167231375514409,4.43858359773561
"65","1986-01-01",7.11429879787346,0.631,53.999,78.8945,68.806,20878.0424467055,1.96210667403212,4.36811151693032,1.44694533762058,3.03972827538832,2.54247391952311,4.35237456108299
"66","1986-04-01",7.29500320209751,0.633,53.943,78.1641,66.685,20991.2880977669,1.98718962091879,4.35881046285822,1.27999999999999,2.10482481876171,-1.03293213220343,3.98189859849858
"67","1986-07-01",7.07766072585205,0.636,54.228,78.2376,67.143,21185.6519339788,1.95694344715646,4.35975035040945,1.59744408945688,1.84618274016339,-0.267367764359872,3.77888180089685
"68","1986-10-01",6.953630397572,0.637,54.555,78.8437,67.96,21458.2173072194,1.93926388255742,4.36746741167545,1.27186009538951,1.7475474654034,-1.00798228747889,3.68606580200539
"69","1987-01-01",6.72585264376847,0.642,55.068,79.5186,69.682,21726.563196713,1.90595870462856,4.37599095655953,1.74326465927099,1.97966629011648,1.27314478388514,4.06417772247298
"70","1987-04-01",6.39804843662266,0.644,55.598,80.4842,71.489,21924.2151628666,1.85599301208677,4.38806089186847,1.73775671406002,3.06805331553677,7.20401889480393,4.44435358494728
"71","1987-07-01",6.09561208501467,0.646,56.123,81.5346,72.214,22167.4085788477,1.80756918201161,4.40102747003256,1.57232704402517,3.49450468392711,7.55253712226145,4.63406388403025
"72","1987-10-01",5.95740787728533,0.65,56.607,83.0985,73.346,22552.7757269378,1.78463546655359,4.42002665115697,2.04081632653061,3.7613417651911,7.9252501471454,5.10088235218957
"73","1988-01-01",5.80478293323372,0.653,57.054,83.6204,74.406,22718.5555726246,1.75868222138159,4.42628750946158,1.71339563862929,3.6064502070168,6.77936913406618,4.56580438852707
"74","1988-04-01",5.57539381317879,0.658,57.684,84.2062,75.743,23060.7548727064,1.71836295398657,4.43326855274169,2.17391304347827,3.7519335227886,5.95056582131515,5.18394707129488
"75","1988-07-01",5.56221868549843,0.666,58.395,84.4128,74.911,23290.3538994505,1.71599707281994,4.43571904887066,3.09597523219816,4.04825116262495,3.73473287728141,5.06574919034208
"76","1988-10-01",5.42676871975035,0.669,58.987,84.8304,75.519,23533.101306791,1.69134387758026,4.44065396912151,2.92307692307692,4.20442701432686,2.96267008425817,4.3468067599425
"77","1989-01-01",5.27631133460223,0.674,59.665,84.9236,76.72,23656.7507425305,1.66322724270509,4.44175202877682,3.21592649310873,4.576366249518,3.10996425019487,4.12964269188112
"78","1989-04-01",5.3258575222064,0.681,60.47,84.1548,77.561,23755.5285097813,1.67257373566448,4.43265796000826,3.49544072948329,4.82976215241662,2.40022180267485,3.01279659278293
"79","1989-07-01",5.34451404137573,0.685,60.828,83.0861,76.236,23961.0578078494,1.67607062198554,4.41987741951911,2.85285285285286,4.16645260724378,1.76876560184753,2.87974975088194
"80","1989-10-01",5.44120567374891,0.688,61.308,82.8241,76.64,24249.9631974091,1.69400066751513,4.41671908184259,2.84005979073243,3.93476528726668,1.48439465564956,3.04618537638826
"81","1990-01-01",5.39721128816863,0.696,62.198,82.8396,77.838,24531.9485314276,1.68588239205838,4.4169062079305,3.2640949554896,4.24536998240175,1.45724713242961,3.69956888172187
"82","1990-04-01",5.44893477505247,0.703,62.764,82.9003,76.475,24945.2639951909,1.69542013545269,4.41763868095255,3.23054331864903,3.79361666942286,-1.40018823893453,5.00824675367542
"83","1990-07-01",5.74685510536038,0.708,63.562,82.7931,78.702,25255.2909489965,1.74865276698581,4.41634472458547,3.35766423357662,4.49464062602747,3.23469227136786,5.4014023567984
"84","1990-10-01",6.18670777104506,0.709,64.402,81.1803,83.075,25375.2345559227,1.82240308269455,4.39667260689542,3.05232558139534,5.04664970313826,8.3963987473904,4.64030130418438
"85","1991-01-01",6.70425082676708,0.717,64.74,79.3866,80.532,25478.3385371503,1.90274177697377,4.37432958826748,3.01724137931034,4.08694813338049,3.46103445617822,3.85778571363882
"86","1991-04-01",6.94318000808138,0.722,65.092,79.6182,78.31,25851.7081247095,1.93775988399149,4.37724270993154,2.7027027027027,3.70913262379708,2.39947695325271,3.63373235774669
"87","1991-07-01",6.92417418717524,0.726,65.533,80.5069,77.128,26110.3625922483,1.93501879401302,4.38834289503697,2.54237288135593,3.10090934835279,-1.99994917537039,3.38571289865031
"88","1991-10-01",7.21588363623938,0.728,66.008,80.3812,77.476,26382.6654481339,1.97628465683199,4.38678031799645,2.67983074753173,2.49371137542311,-6.7396930484502,3.97013430552131
"89","1992-01-01",7.51492250738366,0.728,66.421,79.8685,77.827,26884.1791136613,2.01689071142638,4.3803815322346,1.53417015341701,2.59654000617857,-3.35891322704018,5.51778749018943
"90","1992-04-01",7.67539761141906,0.732,66.862,80.7952,78.125,27175.2316015256,2.03802009817946,4.39191755782185,1.38504155124655,2.71922816936028,-0.236240582301117,5.11967515040557
"91","1992-07-01",7.71787831478425,0.735,67.288,80.8903,79.119,27334.8353266377,2.04353949657292,4.39309391576325,1.23966942148761,2.67804007141439,2.5814230888912,4.68960448198812
"92","1992-10-01",7.5598866633619,0.739,67.757,81.2344,78.487,27636.9233865803,2.02285619846027,4.39733880277549,1.51098901098901,2.64967882680889,1.30492023336259,4.7540986368954
"93","1993-01-01",7.25078424034478,0.744,68.162,81.5631,78.026,27431.5742559849,1.98110963409855,4.40137695381179,2.19780219780219,2.62115897080744,0.255695324244787,2.03612369940445
"94","1993-04-01",7.18758156755201,0.747,68.62,81.3537,78.301,27741.2224490595,1.97235475458805,4.39880631511385,2.04918032786885,2.62929616224463,0.225279999999994,2.08274525800958
"95","1993-07-01",6.90621724705453,0.751,68.918,81.291,77.604,27811.22774633,1.93242205619884,4.39803530931893,2.17687074829933,2.42242301747713,-1.91483714404884,1.74280332769379
"96","1993-10-01",6.76283346963834,0.755,69.315,82.1205,77.283,28045.2339218704,1.91144195454844,4.40818768078295,2.16508795669825,2.29939342060599,-1.53401200198758,1.47740951327582
"97","1994-01-01",6.64533692781765,0.758,69.564,82.585,77.224,27931.5895788173,1.89391539484033,4.41382806597305,1.88172043010753,2.05686452862297,-1.02786250736933,1.82277297746918
"98","1994-04-01",6.25737242669386,0.76,69.952,83.4134,77.942,28295.8433920028,1.8337603568517,4.42380896792125,1.74029451137885,1.94112503643251,-0.458487120215589,1.99926641286889
"99","1994-07-01",6.06151164631127,0.764,70.454,83.6933,79.25,28356.8583884693,1.80195921556061,4.42715892650171,1.73102529960054,2.22873559882757,2.12102468944899,1.96190778456868
"100","1994-10-01",5.66916828221896,0.766,70.785,84.5482,79.56,28590.1833711279,1.73504241954067,4.43732178593997,1.45695364238412,2.12075308374811,2.9463141958775,1.9431089459822
"101","1995-01-01",5.52104116365304,0.768,71.132,84.5617,80.235,28775.0988989017,1.70856645910694,4.43748144542802,1.31926121372032,2.25403944569031,3.89904692841603,3.01991162265978
"102","1995-04-01",5.74599798203275,0.769,71.546,83.9309,81.402,28985.3388123071,1.7485036093619,4.42999384125897,1.18421052631579,2.2787053979872,4.43919837828131,2.43673747678141
"103","1995-07-01",5.71778440664558,0.771,71.838,83.7784,80.9,29235.0144096301,1.74358138886008,4.42817521769986,0.916230366492155,1.96440230505011,2.0820189274448,3.09680292905041
"104","1995-10-01",5.62648091587338,0.771,72.154,83.4308,80.175,29446.864263834,1.72748418737303,4.42401754574491,0.652741514360322,1.9340255703892,0.773001508295623,2.99641622295885
"105","1996-01-01",5.61215975800407,0.773,72.555,82.8774,80.002,29696.3162270255,1.72493562904887,4.41736240736273,0.651041666666674,2.00050610133273,-0.290396958933137,3.20143931167851
"106","1996-04-01",5.53759975556257,0.774,73.04,83.4869,79.589,30048.71475086,1.71156114975754,4.42468973332133,0.650195058517555,2.08816705336428,-2.22721800447164,3.66866830654888
"107","1996-07-01",5.33108264198569,0.772,73.352,83.4049,78.789,30341.0505124451,1.67355433987498,4.42370706063641,0.129701686121919,2.10751969709626,-2.60939431396786,3.78325827830144
"108","1996-10-01",5.35135738099165,0.773,73.852,83.3758,78.762,30633.1467131977,1.67735024480064,4.42335809939215,0.259403372243838,2.3532998863542,-1.76239476145931,4.02855271357558
"109","1997-01-01",5.29906587378644,0.777,74.178,83.7332,78.168,31036.169828068,1.66753055479521,4.42763555356798,0.517464424320835,2.23692371304527,-2.29244268893276,4.51185120335953
"110","1997-04-01",5.04340029074595,0.776,74.365,83.627,76.546,31298.9533409855,1.61808051546424,4.42636643445538,0.258397932816545,1.81407447973712,-3.82339267989295,4.16070570901774
"111","1997-07-01",4.91132444784508,0.778,74.561,84.1335,76.043,31663.6865888385,1.59154365041042,4.43240482297955,0.777202072538863,1.64821681753735,-3.48525809440403,4.3592296708741
"112","1997-10-01",4.7058381491773,0.778,74.795,84.6637,75.442,32135.2863999913,1.54880389727372,4.43868693836646,0.646830530401044,1.27687808048529,-4.21523069500521,4.90364147326239
"113","1998-01-01",4.72308891830168,0.778,74.801,83.9745,73.578,32599.839463242,1.5524630173939,4.43051318132761,0.128700128700121,0.839871660060942,-5.87196806877495,5.03821716351049
"114","1998-04-01",4.47234339248841,0.778,74.936,82.9315,72.676,32956.3549058995,1.49791252013388,4.41801496584325,0.257731958762886,0.767834330666317,-5.05578345047423,5.29538974309272
"115","1998-07-01",4.57477550299268,0.781,75.167,82.1367,71.726,33339.1611616308,1.52055762713938,4.40838493241092,0.385604113110549,0.812757339627956,-5.67705114211697,5.29147030334385
"116","1998-10-01",4.42513716700944,0.782,75.364,82.0671,71.674,33699.9274453156,1.48730127617368,4.40753720532825,0.514138817480725,0.760746039173754,-4.99456536146972,4.86891893804529
"117","1999-01-01",4.33972984216475,0.785,75.511,81.8978,71.429,34094.2588055171,1.46781209782567,4.40547212847137,0.899742930591252,0.949185171321232,-2.92070999483541,4.58413098616686
"118","1999-04-01",4.29088472589282,0.786,75.939,81.6933,72.323,34225.5403706139,1.45649294148933,4.40297199115923,1.02827763496145,1.33847549909254,-0.485717430788712,3.85110995538893
"119","1999-07-01",4.27369140782696,0.787,76.357,81.5265,73.203,34523.1083844581,1.45247795209722,4.40092812077015,0.768245838668369,1.583141538175,2.05922538549481,3.55122079133143
"120","1999-10-01",4.10428439644934,0.789,76.821,82.0986,74.215,35134.6933561564,1.41203140284796,4.40792096393784,0.895140664961636,1.93328379597686,3.54521862879147,4.25747477696798
"121","2000-01-01",4.08808324903103,0.793,77.446,82.0771,75.637,36204.1577242999,1.40807621693844,4.40765904941428,1.01910828025478,2.56254055700493,5.89116465301207,6.18842876396934
"122","2000-04-01",3.98452756797727,0.8,77.815,82.2414,75.713,36200.0257540638,1.38241875263642,4.40965882490826,1.78117048346056,2.47040387679585,4.68730555978043,5.76904078670231
"123","2000-07-01",4.05834876129691,0.803,78.318,81.3494,76.247,36827.4628987019,1.40077618184492,4.39875345810005,2.03303684879288,2.56819937923176,4.15829952324358,6.67481759922071
"124","2000-10-01",3.94945247960286,0.806,78.762,80.3346,76.419,36954.9137861655,1.37357695654662,4.38620041233309,2.15462610899873,2.52665286835632,2.96975005052886,5.1806925182402
"125","2001-01-01",4.29292022243888,0.815,79.348,78.5419,76.145,37511.5560198274,1.45696720589689,4.36363224035203,2.77427490542244,2.45590475944528,0.671628964660154,3.61118274172714
"126","2001-04-01",4.49045486292532,0.815,79.72,76.854,74.601,37475.3834610697,1.50195400239709,4.34190751807705,1.87499999999998,2.44811411681554,-1.46870418554277,3.52308508195649
"127","2001-07-01",4.86596199208484,0.814,79.76,75.1907,73.514,37395.6830717013,1.58226443341526,4.32002755309524,1.36986301369861,1.84121147118159,-3.5844033207864,1.54292511151892
"128","2001-10-01",5.59479869906653,0.813,79.793,73.893,71.771,37637.4619516334,1.72183736239752,4.30261810086958,0.868486352357301,1.30900688149109,-6.08225703031968,1.84697539660732
"129","2002-01-01",5.80550744692816,0.813,79.952,74.0686,71.52,37821.626030767,1.75880702682084,4.30499169080701,-0.245398773006134,0.761203811060129,-6.07393788167312,0.826598637432241
"130","2002-04-01",5.91565006459943,0.814,80.544,74.9989,73.098,38258.1919217433,1.77760139242285,4.31747344676209,-0.122699386503067,1.03361766181636,-2.01471830136325,2.08886044218026
"131","2002-07-01",5.77633981621161,0.818,80.961,75.381,73.727,38389.6031944609,1.75377023230657,4.32255525386933,0.491400491400484,1.5057673019057,0.289740729656951,2.65784721956763
"132","2002-10-01",5.93809780932692,0.822,81.338,75.3722,74.22,38500.4276068059,1.78138884796861,4.322438506762,1.10701107011071,1.93626007293872,3.41224171322678,2.29283700447565
"133","2003-01-01",5.95668249106112,0.823,81.96,75.9235,76.042,38545.1417997423,1.78451369708522,4.32972625439816,1.23001230012301,2.51150690414248,6.32270693512305,1.91296843870947
"134","2003-04-01",6.22843439583188,0.823,82.042,75.4311,74.846,39184.2628793523,1.82912500038846,4.32321965681635,1.10565110565111,1.85985299960272,2.39131029576733,2.42058213180401
"135","2003-07-01",6.15085855610636,0.827,82.582,75.9974,75.089,39698.9815511759,1.81659167469381,4.33069912917482,1.1002444987775,2.0021985894443,1.8473557855331,3.4107629351688
"136","2003-10-01",5.93582497114105,0.829,82.987,76.7714,75.54,40274.0705360701,1.7810060194366,4.34083217496375,0.851581508515808,2.02734269345202,1.77849636216654,4.60681358497625
"137","2004-01-01",5.77485919667302,0.834,83.627,77.3625,77.315,40290.1261916402,1.75351387458214,4.34850216706548,1.33657351154313,2.03391898487066,1.6740748533705,4.52711888041253
"138","2004-04-01",5.65294415935126,0.84,84.189,77.8423,78.24,40876.8289532992,1.73217649958869,4.35468498523156,2.06561360874848,2.61695229272811,4.53464446997833,4.31950469288724
"139","2004-07-01",5.48446802958249,0.843,84.603,78.2882,79.118,41624.7328722486,1.70192010262125,4.36039688921344,1.93470374848852,2.44726453706618,5.36563278243152,4.85088343787925
"140","2004-10-01",5.48398472153091,0.851,85.326,79.3292,81.069,41774.0722481851,1.70183197568796,4.37360628280573,2.65379975874549,2.81851374311639,7.31930103256553,3.72448499034028
"141","2005-01-01",5.33729344513707,0.858,85.822,80.277,81.768,41918.4583995469,1.67471867900257,4.38548315402212,2.87769784172662,2.62475037966208,5.75955506693397,4.04151677302169
"142","2005-04-01",5.1775954046177,0.866,86.364,80.4635,82.628,42162.5900535958,1.64434074089093,4.38780366545126,3.09523809523811,2.58347290026015,5.60838445807772,3.14545216255775
"143","2005-07-01",5.03139659742563,0.877,87.297,79.8134,84.268,42678.503074177,1.61569759913677,4.37969141015831,4.0332147093713,3.18428424523953,6.50926464268562,2.53159631117044
"144","2005-10-01",5.02353032383388,0.881,87.993,80.1968,85.702,43094.074313792,1.61413293829773,4.38448361382706,3.52526439482961,3.12565923634063,5.71488485117615,3.15985967986199
"145","2006-01-01",4.79301196985095,0.886,88.452,80.6335,85.893,43992.0925903641,1.56715901753531,4.38991419591556,3.26340326340326,3.06448230057561,5.0447607866158,4.94682836628275
"146","2006-04-01",4.7466044870731,0.893,89.229,80.7421,86.937,44126.7888857902,1.55742951759644,4.39126012449949,3.11778290993072,3.31735445324439,5.21493924577625,4.65862943831856
"147","2006-07-01",4.70569387327647,0.899,89.871,80.5803,87.792,44349.1051244094,1.54877323788682,4.38925420276446,2.50855188141392,2.94855493315922,4.18189585607822,3.91438764224887
"148","2006-10-01",4.51459425378094,0.901,89.723,80.2018,86.776,45099.2012919418,1.50731531655852,4.38454595851088,2.27014755959138,1.96606548248157,1.25317962241254,4.65290648442609
"149","2007-01-01",4.57587856062057,0.907,90.542,80.4189,87.343,46099.7146511381,1.52079871539942,4.38724922318608,2.37020316027088,2.36286347397459,1.68814688042098,4.79091113123276
"150","2007-04-01",4.56499792432486,0.912,91.31,80.8666,88.805,46172.53276122,1.51841805935348,4.39280088343919,2.12765957446808,2.33220141433839,2.14868237919414,4.63605879123594
"151","2007-07-01",4.72143598007304,0.918,91.827,80.6709,90.029,46342.5780155887,1.55211298639429,4.39037791545043,2.11345939933258,2.17645291584605,2.54806816110806,4.49495629187371
"152","2007-10-01",4.86378974293294,0.921,92.762,80.8642,93.362,46816.3504881284,1.58181791653648,4.39277120449121,2.21975582685905,3.38709138125119,7.58965612611782,3.80749358524313
"153","2008-01-01",5.01366034837702,0.925,93.518,80.7013,96.919,47272.4998915668,1.61216625679083,4.390754684192,1.98456449834621,3.2868723907137,10.9636719599739,2.54401843764929
"154","2008-04-01",5.41355897494766,0.925,94.43,79.6275,101.521,47386.1526185986,1.68890672776095,4.3773595105737,1.42543859649122,3.41693133282226,14.3190135690558,2.62844549519254
"155","2008-07-01",6.10625199221823,0.935,95.438,77.0197,103.888,47736.3734241975,1.80931316306777,4.34406123328699,1.85185185185186,3.93239461160662,15.3939286229993,3.00759143813698
"156","2008-10-01",6.99232357944567,0.947,93.915,73.495,92.638,48078.8037063267,1.94481291580725,4.29721737669395,2.82301845819761,1.2429658696449,-0.775476103768113,2.69660749937888
"157","2009-01-01",8.40319380337181,0.953,93.28,69.0855,84.96,46705.9635539751,2.1286118482731,4.23534486794354,3.02702702702702,-0.254496460574438,-12.3391698222227,-1.19844801711615
"158","2009-04-01",9.40025742793917,0.946,93.65,66.9667,86.115,47586.7562769466,2.24073707485195,4.20419548091273,2.27027027027027,-0.826008683681034,-15.1751854296156,0.423338142606022
"159","2009-07-01",9.74521278118731,0.942,94.295,68.0573,88.831,47807.3362851528,2.27677616763005,4.22034999740721,0.748663101604263,-1.1976361616966,-14.4934929924534,0.148655743754689
"160","2009-10-01",10.1066973636619,0.943,95.022,69.3406,91.266,48314.8426479265,2.31319830940309,4.23903059323357,-0.42238648363252,1.17872544321993,-1.481033701073,0.490941794312305
"161","2010-01-01",9.95916392555608,0.946,95.389,71.0898,92.689,48025.996039726,2.29849312485582,4.26394386660223,-0.734522560335782,2.26093481989709,9.09722222222222,2.8262611137986
"162","2010-04-01",9.83619879916233,0.952,95.536,72.9487,92.287,48769.4845771855,2.28606933553261,4.28975645438506,0.634249471458781,2.0138814735718,7.16716019276551,2.48541483549674
"163","2010-07-01",9.60733684782356,0.961,95.72,74.3353,91.773,49251.7752795203,2.26252706156128,4.30858593984112,2.01698513800426,1.51121480460257,3.31190687935516,3.02137518340682
"164","2010-10-01",9.71480011901284,0.969,96.333,74.9037,93.863,49517.7500082868,2.2736505081466,4.31620328850201,2.75715800636267,1.37968049504325,2.84552845528454,2.48972633342923
"165","2011-01-01",9.16015875639262,0.971,97.143,75.4038,97.643,50184.995752603,2.21486351001976,4.32285767162196,2.64270613107822,1.83878644288127,5.34475504105127,4.49548138697862
"166","2011-04-01",9.21867315289911,0.978,98.099,75.6201,100.573,50158.1124571151,2.22123111754864,4.32572212086339,2.7310924369748,2.6827583319377,8.97851268325982,2.84732941503998
"167","2011-07-01",9.12403593951006,0.984,98.553,76.2349,100.453,50556.7516305909,2.2109122434225,4.33381936308955,2.39334027055151,2.95967404931048,9.45811949048196,2.64960266643079
"168","2011-10-01",8.81539203233304,0.985,98.878,76.6584,100.171,50013.0829431977,2.17649928818288,4.33935918835448,1.65118679050569,2.6418776535559,6.72043297145841,1.00031389719448
"169","2012-01-01",8.34390911783813,0.991,99.533,76.9805,101.141,51206.3298661219,2.12153182572138,4.34355214302806,2.05973223480949,2.46029049957279,3.58243806519669,2.03513838788347
"170","2012-04-01",8.28027850065111,0.999,99.774,77.024,100.354,51342.0571215232,2.11387660317585,4.34411706160066,2.14723926380369,1.70745879162886,-0.21775227943881,2.3604250766422
"171","2012-07-01",8.1160926132374,1.005,100.064,76.6226,98.741,51408.8032991901,2.09384883309085,4.33889207239554,2.13414634146341,1.53318518969487,-1.70427961335152,1.6853370541386
"172","2012-10-01",7.98126019505596,1.005,100.625,76.6429,99.773,52603.744111206,2.07709631817374,4.33915697219515,2.03045685279186,1.76682376261657,-0.397320581805127,5.17996695174869
"173","2013-01-01",7.77956873441815,1.013,100.987,76.9182,99.928,51986.2011788901,2.05150090405979,4.34274251951074,2.21997981836528,1.46082203892175,-1.19931580664617,1.52299786922263
"174","2013-04-01",7.67969718724354,1.011,101.059,77.0049,98.659,52197.1546009927,2.03858011763792,4.34386905619261,1.2012012012012,1.28791067813259,-1.68902086613388,1.66549127052991
"175","2013-07-01",7.41530941174951,1.013,101.469,77.1103,98.218,52067.0547960246,2.00354670253449,4.34523686438327,0.796019900497513,1.40410137511993,-0.529668526751803,1.28042563644899
"176","2013-10-01",7.12225613067432,1.018,101.894,77.471,98.013,52436.3191221154,1.96322454751618,4.34990367278304,1.29353233830847,1.26111801242237,-1.7640042897377,-0.318275803213974
"177","2014-01-01",6.72403010245359,1.021,102.384,77.8521,99.213,53422.7234227913,1.90568769240333,4.35481087286802,0.789733464955589,1.38334637131512,-0.715515170923064,2.76327604503748
"178","2014-04-01",6.30260045480265,1.031,102.896,78.7323,98.597,53479.1803503504,1.84096231883473,4.36605349053824,1.9782393669634,1.81775002721183,-0.062842720887113,2.45612190771285
"179","2014-07-01",6.17261050675964,1.035,103.187,78.993,98.005,53863.3139662881,1.82012184515667,4.3693592409462,2.17176702862785,1.6931279504085,-0.216864525850669,3.44989586467002
"180","2014-10-01",5.83083207428414,1.035,103.069,79.2124,96.108,54491.3300848911,1.76315971304024,4.37213285222182,1.66994106090372,1.15315916540719,-1.94361972391418,3.91906029481182
"181","2015-01-01",5.60013972656033,1.034,102.641,78.1871,92.044,55026.3238278356,1.72279154860132,4.35910467230677,1.27326150832519,0.251015783716202,-7.22586757783757,3.00171968462426
"182","2015-04-01",5.51634187114373,1.04,103.139,77.0087,90.826,55351.9502000385,1.70771493610036,4.34391840248412,0.87293889427742,0.23616078370392,-7.88157854701461,3.50186715170142
"183","2015-07-01",5.20116436570039,1.043,103.389,77.0426,89.853,55601.5224855068,1.64888251700267,4.34435851562237,0.77294685990339,0.195761093936242,-8.31794296209377,3.22707310639423
"184","2015-10-01",5.16888968482727,1.044,103.286,75.9918,87.894,55714.0986866056,1.64265790430059,4.33062543972843,0.869565217391322,0.210538571248375,-8.54663503558496,2.24396908610895
"185","2016-01-01",4.99340491368464,1.035,103.34,75.496,86.334,55727.3238572453,1.60811802450206,4.32407967471903,0.096711798839455,0.681014409446523,-6.20355482160705,1.27393578317696
"186","2016-04-01",4.97826881909557,1.048,103.989,75.1707,86.789,55841.6853248375,1.60508220391276,4.31976152737164,0.769230769230766,0.824130542277901,-4.44476251293682,0.884765799631548
"187","2016-07-01",4.96684746800818,1.048,104.379,75.3204,87.429,56106.4569330488,1.6027853265754,4.32175101444931,0.479386385426661,0.957548675391018,-2.6977396414143,0.908130614001768
"188","2016-10-01",4.84162427451993,1.059,104.872,75.1925,87.664,56557.0099635748,1.57725025833858,4.32005149193947,1.4367816091954,1.53554208702051,-0.26167884042142,1.5129227553524
"189","2017-01-01",4.63545245982715,1.062,105.493,75.289,88.613,57001.8518264496,1.53373381233917,4.32133404179747,2.60869565217392,2.08341397329204,2.63974795561424,2.28707908613954
"190","2017-04-01",4.39743843417258,1.061,105.754,76.4988,88.699,57399.5919278224,1.48102219734342,4.33727505443495,1.24045801526718,1.69729490619199,2.20073972508037,2.78986315316652
"191","2017-07-01",4.3981803717255,1.068,106.138,76.4803,88.755,57987.7011888093,1.48119090350749,4.33703319132959,1.90839694656488,1.68520487837591,1.51665923206259,3.35299065133514
"192","2017-10-01",4.19083300883168,1.074,106.814,77.7549,89.828,58816.2679425837,1.43289952296457,4.35356157158155,1.41643059490086,1.85178121900984,2.46851615258259,3.99465597715301
"193","2018-01-01",4.1212268589456,1.078,107.584,78.3806,91.249,59204.5606567346,1.41615090033086,4.36157644775622,1.50659133709981,1.98212203653323,2.97473282701184,3.86427591333607
"194","2018-04-01",3.95882306095236,1.091,108.162,79.4599,91.522,59448.709588507,1.37594677426147,4.37525249189082,2.82752120640906,2.2769824309246,3.18267398730538,3.56991677442808
"195","2018-07-01",3.81577581098112,1.091,108.549,80.1148,91.663,60110.9405890829,1.33914400211731,4.38346060604532,2.15355805243445,2.2715709736381,3.27643513041518,3.66153400935871
"196","2018-10-01",3.85268216767288,1.095,108.959,80.0088,91.201,60318.8976641082,1.34876957266796,4.38213662862433,1.95530726256983,2.00816372385644,1.52847664425346,2.55478590207618
"197","2019-01-01",3.9049556010799,1.102,109.186,79.0816,90.151,61402.1244107489,1.36224641346514,4.37048023077351,2.22634508348794,1.48906900654373,-1.20330085809159,3.71181498458484
"198","2019-04-01",3.64403083682106,1.108,109.854,78.4919,90.65,61518.2643655791,1.29309044171675,4.36299543475108,1.5582034830431,1.56432018638708,-0.952776381635012,3.48124423792744
"199","2019-07-01",3.69351200640786,1.111,110.14,78.2755,89.696,61745.7804371136,1.30657776866713,4.36023465492762,1.83318056828599,1.46569751909276,-2.14590401797889,2.71970432006128
"200","2019-10-01",3.61646883556337,1.114,110.536,77.5252,89.375,62511.4984110925,1.28549808997804,4.35060304479615,1.73515981735162,1.44733340063694,-2.00217102882643,3.63501461713378
"201","2020-01-01",3.9111655648563,1.112,110.935,76.1875,89.073,63370.7153485883,1.36383542800349,4.33319740724149,0.907441016333932,1.60185371750956,-1.19577153886258,3.2060632376016
"202","2020-04-01",13.2469224093974,1.12,110.431,66.6309,86.21,67244.7000956823,2.58376525446427,4.19916843391231,1.08303249097472,0.525242594716624,-4.89795918367348,9.3085131532211
"203","2020-07-01",8.75554795156929,1.129,111.347,73.0298,87.902,67101.5322988281,2.16968755105165,4.29086757702769,1.62016201620163,1.09587797348829,-2.00008919015341,8.67387507907389
"204","2020-10-01",7.01251689047062,1.133,111.799,74.6035,88.517,68675.6343182306,1.94769667946918,4.31218742299923,1.70556552962298,1.14261417094883,-0.960000000000005,9.86080331429751
"205","2021-01-01",6.2138834691,1.145,113.033,75.6195,91.261,68541.9725169595,1.82678605783396,4.32571418643352,2.96762589928057,1.89119754811375,2.45641215632122,8.16032632727159
"206","2021-04-01",5.94950731241981,1.168,114.81,77.1678,94.04,69835.2042210347,1.78330841149372,4.34598227157538,4.28571428571427,3.96537204227074,9.0824730309709,3.85235434415856
"207","2021-07-01",5.13508350330791,1.191,116.382,77.9702,95.458,70961.3884103954,1.63609610484673,4.35632670240736,5.4915854738707,4.52190000628667,8.59593638370002,5.75226224995564
"208","2021-10-01",4.28219106395587,1.216,118.142,78.7669,96.929,72315.4024359888,1.45446480943263,4.36649285785638,7.32568402471314,5.67357489780766,9.50325926093294,5.29994102550571
"209","2022-01-01",3.91586062100029,1.252,120.29,79.3907,100.058,72665.8545020816,1.36503513184902,4.37438123292954,9.34497816593887,6.42024895384534,9.63938593703775,6.01657908823934
"210","2022-04-01",3.63835417852751,1.289,122.426,79.9921,103.216,73284.8481649833,1.2915314306424,4.38192787979778,10.3595890410959,6.63356850448567,9.75754997873244,4.93969192533625
"211","2022-07-01",3.60720475964195,1.303,123.727,79.9819,102.14,74035.0588096638,1.28293316760766,4.38180035907549,9.40386230058774,6.31111340241619,6.9999371451319,4.3314688003175
